-- phpMyAdmin SQL Dump
-- version 4.0.10
-- http://www.phpmyadmin.net
--
-- Хост: 127.0.0.1:3306
-- Время создания: Окт 10 2014 г., 18:06
-- Версия сервера: 5.6.17-log
-- Версия PHP: 5.5.10

SET SQL_MODE = "NO_AUTO_VALUE_ON_ZERO";
SET time_zone = "+00:00";


/*!40101 SET @OLD_CHARACTER_SET_CLIENT=@@CHARACTER_SET_CLIENT */;
/*!40101 SET @OLD_CHARACTER_SET_RESULTS=@@CHARACTER_SET_RESULTS */;
/*!40101 SET @OLD_COLLATION_CONNECTION=@@COLLATION_CONNECTION */;
/*!40101 SET NAMES utf8 */;

--
-- База данных: `OneComp`
--

-- --------------------------------------------------------

--
-- Структура таблицы `customers`
--

CREATE TABLE IF NOT EXISTS `customers` (
  `id` int(11) NOT NULL AUTO_INCREMENT,
  `fio` varchar(255) DEFAULT NULL,
  `pasport` int(10) DEFAULT NULL,
  `city` varchar(100) DEFAULT NULL,
  `street` varchar(100) DEFAULT NULL,
  `home` varchar(255) DEFAULT NULL,
  `telnum` int(12) DEFAULT NULL,
  `agent` int(11) DEFAULT NULL,
  `email` varchar(255) DEFAULT NULL,
  PRIMARY KEY (`id`)
) ENGINE=InnoDB  DEFAULT CHARSET=utf8 AUTO_INCREMENT=78 ;

--
-- Дамп данных таблицы `customers`
--

INSERT INTO `customers` (`id`, `fio`, `pasport`, `city`, `street`, `home`, `telnum`, `agent`, `email`) VALUES
(66, 'Фролов Александ Михайлович', NULL, 'Киров', 'Ленина', '{"home_num":"42","home_apartment":"5","home_housing":"2","home_floor":"2","home_porch":"5","index":"4121542"}', 2147483647, 0, 'sdjkhs@sdjhj.com'),
(67, 'sdfgsdf dffgsdf sdfgdfg', NULL, 'sdfgsdfg', 'sdfgdfg', '{"home_num":"12","home_apartment":"32","home_housing":"12","home_floor":"12","home_porch":"","index":"4254736"}', 2147483647, NULL, 'sadfsd@fdgdfs.com'),
(68, 'jgfghfh ghjhgjh tyjhfgjg', NULL, 'yjtjhgghf', 'jgfghfgh', '{"home_num":"452","home_apartment":"45","home_housing":"","home_floor":"","home_porch":"","index":""}', 846545646, 0, ''),
(69, 'fgdhhdgf fghdfgh fdgdhfh', NULL, 'dfghdfhdfh', 'dfghh', '{"home_num":"213","home_apartment":"123","home_housing":"12","home_floor":"","home_porch":"","index":""}', 821354345, 0, ''),
(70, 'sdfgsdfg sdgdfg sdfg', NULL, 'sdfgsdfg', 'sdfgsdfg', '{"home_num":"12","home_apartment":"12","home_housing":"32","home_floor":"23","home_porch":"12","index":"56546"}', 2147483647, NULL, 'dssasdfs@sdfgsf'),
(71, 'sdfgdfg dsfgsdf dsfgsdf', NULL, 'dsfgsdfg', 'sdfgdsfg', '{"home_num":"234","home_apartment":"12","home_housing":"","home_floor":"","home_porch":"","index":""}', 2147483647, NULL, ''),
(72, 'asdf asdfsa asdfsd', NULL, 'asdfasdfasd', 'asdfasdf', '{"home_num":"32","home_apartment":"21","home_housing":"","home_floor":"","home_porch":"","index":""}', 823423423, NULL, 'werfqwe@ddgrfd'),
(73, 'asdf sadfasd asdf', NULL, 'asdfasdf', 'asdf', '{"home_num":"12","home_apartment":"123","home_housing":"","home_floor":"","home_porch":"","index":""}', 2147483647, NULL, ''),
(74, 'asdf asdf asf', NULL, 'asdfasdf', 'asdfasdf', '{"home_num":"12","home_apartment":"23","home_housing":"","home_floor":"","home_porch":"","index":""}', 812312432, NULL, ''),
(75, 'asdfsd sadfsdf asdfsdf', NULL, 'asdfasdf', 'asdfsdf', '{"home_num":"231","home_apartment":"123","home_housing":"","home_floor":"","home_porch":"","index":""}', 812312234, NULL, ''),
(76, 'ASDad asdD aDAS', NULL, 'ASDasasdasd', 'aDAS', '{"home_num":"212","home_apartment":"213","home_housing":"","home_floor":"","home_porch":"","index":""}', 812312312, NULL, ''),
(77, 'Машковцев Михаил Иванович', NULL, 'Киров', 'Урицкого ', '{"home_num":"34","home_apartment":"5","home_housing":"","home_floor":"","home_porch":"","index":"865325486"}', 2147483647, 0, 'sdfshhsdg@sds.com');

-- --------------------------------------------------------

--
-- Структура таблицы `district`
--

CREATE TABLE IF NOT EXISTS `district` (
  `id` int(11) NOT NULL AUTO_INCREMENT,
  `name` varchar(255) NOT NULL,
  `description` text NOT NULL,
  PRIMARY KEY (`id`)
) ENGINE=InnoDB DEFAULT CHARSET=utf8 AUTO_INCREMENT=1 ;

-- --------------------------------------------------------

--
-- Структура таблицы `orders`
--

CREATE TABLE IF NOT EXISTS `orders` (
  `id` int(11) NOT NULL AUTO_INCREMENT,
  `id_abc` varchar(11) DEFAULT NULL,
  `customer` int(11) NOT NULL,
  `technics` varchar(255) DEFAULT NULL,
  `problem` text,
  `courier` int(11) DEFAULT NULL,
  `manager` int(11) NOT NULL,
  `engineer` int(11) DEFAULT NULL,
  `source` int(11) DEFAULT NULL,
  `status` int(11) NOT NULL,
  `returns` int(1) DEFAULT NULL,
  `date` datetime NOT NULL,
  `time` datetime DEFAULT NULL,
  `failure` text,
  `answer` text,
  `repair_site` int(1) DEFAULT NULL,
  `parts` varchar(255) DEFAULT NULL,
  `service` text,
  `discount` int(3) DEFAULT NULL,
  `total` int(7) DEFAULT NULL,
  `profit` int(8) DEFAULT NULL,
  `get_tech` int(1) DEFAULT NULL,
  `three_days` int(1) DEFAULT NULL,
  `six_month` int(1) DEFAULT NULL,
  `twelfe_month` int(1) DEFAULT NULL,
  PRIMARY KEY (`id`),
  KEY `status` (`status`),
  KEY `courier` (`courier`)
) ENGINE=InnoDB  DEFAULT CHARSET=utf8 AUTO_INCREMENT=29 ;

--
-- Дамп данных таблицы `orders`
--

INSERT INTO `orders` (`id`, `id_abc`, `customer`, `technics`, `problem`, `courier`, `manager`, `engineer`, `source`, `status`, `returns`, `date`, `time`, `failure`, `answer`, `repair_site`, `parts`, `service`, `discount`, `total`, `profit`, `get_tech`, `three_days`, `six_month`, `twelfe_month`) VALUES
(17, '17К', 66, '11.6" Ноутбук Asus (X200Ma)(HD)', 'Тормозит Windows', NULL, 3, 23, 2, 2, 0, '2014-10-09 12:20:35', '2014-10-16 15:00:00', NULL, '', 2, '{"\\u0416\\u0435\\u0441\\u0442\\u043a\\u0438\\u0439":"5000"}', '{"0":{"name":"\\u0416\\u0435\\u0441\\u0442\\u043a\\u0438\\u0439","price":"6000"},"1":{"serv":"","name":"\\u0417\\u0430\\u043c\\u0435\\u043d\\u0430","price":"400"},"2":{"serv":"","name":"\\u0411\\u0430\\u0437\\u043e\\u0432\\u044b\\u0439","discount":"on","price":"500"},"3":{"serv":"","name":"\\u043f\\u0435\\u0440\\u0435\\u043d\\u043e\\u0441","price":"200"},"itog":"7100"}', 20, 7000, 2000, 0, NULL, NULL, NULL),
(18, '18К', 67, '15.6" Ноутбук Asus (X552EA)(HD)', 'Тормозит', NULL, 3, NULL, 1, 1, 0, '2014-10-09 13:10:28', '0000-00-00 00:00:00', NULL, NULL, 1, NULL, NULL, NULL, NULL, NULL, NULL, NULL, NULL, NULL),
(19, '19К', 68, 'jhfgjhgh', 'ghfghf', NULL, 3, 24, 1, 2, 0, '2014-10-09 16:41:19', NULL, NULL, '', 1, NULL, NULL, NULL, NULL, NULL, 0, NULL, NULL, NULL),
(20, '20К', 69, 'fdghdfg', 'ghfdg', NULL, 3, NULL, 1, 4, 0, '2014-10-09 16:41:55', NULL, 'вываыва', NULL, 1, NULL, NULL, NULL, NULL, NULL, NULL, NULL, NULL, NULL),
(21, '21К', 70, 'sdfgsdfgsd', 'srgsdgf', NULL, 3, NULL, 1, 1, 0, '2014-10-09 16:42:36', '0000-00-00 00:00:00', NULL, NULL, 1, NULL, NULL, NULL, NULL, NULL, NULL, NULL, NULL, NULL),
(22, '22К', 71, 'sdfgsdfg', 'fgdfgsdfg', NULL, 3, NULL, 1, 1, 0, '2014-10-09 16:43:47', '0000-00-00 00:00:00', NULL, NULL, 1, NULL, NULL, NULL, NULL, NULL, NULL, NULL, NULL, NULL),
(23, '23К', 72, 'asdfasdfasd', 'saasdf', NULL, 3, NULL, 1, 1, 0, '2014-10-08 16:44:16', '0000-00-00 00:00:00', NULL, NULL, 1, NULL, NULL, NULL, NULL, NULL, NULL, NULL, NULL, NULL),
(24, '24К', 73, 'asdfasd', 'asdfsdf', NULL, 3, NULL, 1, 1, 0, '2014-10-09 16:44:44', '0000-00-00 00:00:00', NULL, NULL, 1, NULL, NULL, NULL, NULL, NULL, NULL, NULL, NULL, NULL),
(25, '25К', 74, 'asdfasdf', 'asdfasd', NULL, 3, NULL, 1, 1, 0, '2014-10-09 16:45:07', '0000-00-00 00:00:00', NULL, NULL, 1, NULL, NULL, NULL, NULL, NULL, NULL, NULL, NULL, NULL),
(26, '26К', 75, 'asdfasdf', 'asdfsd', NULL, 3, NULL, 1, 1, 0, '2014-10-09 16:45:31', '0000-00-00 00:00:00', NULL, NULL, 1, NULL, NULL, NULL, NULL, NULL, NULL, NULL, NULL, NULL),
(27, '27К', 76, 'asdasdas', 'dasdadas', NULL, 3, NULL, 1, 1, 0, '2014-10-09 16:46:03', '0000-00-00 00:00:00', NULL, NULL, 1, NULL, NULL, NULL, NULL, NULL, NULL, NULL, NULL, NULL),
(28, '28К', 77, '15.6" Ноутбук Asus (X551MA)(HD)', 'Не включается ноутбук', NULL, 3, 24, 2, 3, 0, '2014-10-10 11:32:44', '2014-10-17 11:32:38', NULL, 'Проведена чистка и замена охлаждения', 2, '{"\\u0421\\u0438\\u0441\\u0442\\u0435\\u043c\\u0430":"400","\\u0412\\u0435\\u043d\\u0442\\u0438\\u043b\\u044f\\u0442\\u043e\\u0440":"500"}', '{"0":{"name":"\\u0421\\u0438\\u0441\\u0442\\u0435\\u043c\\u0430","price":"600"},"1":{"name":"\\u0412\\u0435\\u043d\\u0442\\u0438\\u043b\\u044f\\u0442\\u043e\\u0440","price":"600"},"2":{"serv":"","name":"\\u041e\\u0447\\u0438\\u0441\\u0442\\u043a\\u0430","price":"700"},"3":{"serv":"","name":"\\u0427\\u0438\\u0441\\u0442\\u043a\\u0430","discount":"on","price":"500"},"itog":"2400"}', NULL, 2400, 1500, 0, NULL, NULL, NULL);

-- --------------------------------------------------------

--
-- Структура таблицы `roles`
--

CREATE TABLE IF NOT EXISTS `roles` (
  `id` int(11) NOT NULL AUTO_INCREMENT,
  `name` varchar(255) NOT NULL,
  PRIMARY KEY (`id`),
  UNIQUE KEY `name` (`name`)
) ENGINE=InnoDB  DEFAULT CHARSET=utf8 AUTO_INCREMENT=5 ;

--
-- Дамп данных таблицы `roles`
--

INSERT INTO `roles` (`id`, `name`) VALUES
(1, 'admin'),
(3, 'manager'),
(4, 'Инженер');

-- --------------------------------------------------------

--
-- Структура таблицы `roles_users`
--

CREATE TABLE IF NOT EXISTS `roles_users` (
  `id_role` int(11) NOT NULL,
  `id_user` int(11) NOT NULL,
  UNIQUE KEY `id_user_2` (`id_user`),
  KEY `id_role` (`id_role`),
  KEY `id_user` (`id_user`)
) ENGINE=InnoDB DEFAULT CHARSET=utf8;

--
-- Дамп данных таблицы `roles_users`
--

INSERT INTO `roles_users` (`id_role`, `id_user`) VALUES
(1, 3),
(3, 22),
(3, 25),
(4, 23),
(4, 24);

-- --------------------------------------------------------

--
-- Структура таблицы `source`
--

CREATE TABLE IF NOT EXISTS `source` (
  `id` int(11) NOT NULL AUTO_INCREMENT,
  `name` varchar(255) NOT NULL,
  PRIMARY KEY (`id`)
) ENGINE=InnoDB  DEFAULT CHARSET=utf8 AUTO_INCREMENT=6 ;

--
-- Дамп данных таблицы `source`
--

INSERT INTO `source` (`id`, `name`) VALUES
(1, 'Сайт'),
(2, 'Расклейка'),
(3, 'Газеты'),
(4, 'TV'),
(5, 'Сайт2');

-- --------------------------------------------------------

--
-- Структура таблицы `status`
--

CREATE TABLE IF NOT EXISTS `status` (
  `id` int(11) NOT NULL AUTO_INCREMENT,
  `name` varchar(100) NOT NULL,
  `description` text NOT NULL,
  PRIMARY KEY (`id`)
) ENGINE=InnoDB  DEFAULT CHARSET=utf8 AUTO_INCREMENT=5 ;

--
-- Дамп данных таблицы `status`
--

INSERT INTO `status` (`id`, `name`, `description`) VALUES
(1, 'Новый', 'Новый заказ'),
(2, 'В работе', 'Заказ находится в очереди либо выполняется инженером'),
(3, 'Выполнен', 'Означает что заказ выполнен инженером'),
(4, 'Отказ', 'Отказ от клиента');

-- --------------------------------------------------------

--
-- Структура таблицы `technics`
--

CREATE TABLE IF NOT EXISTS `technics` (
  `id` int(11) NOT NULL AUTO_INCREMENT,
  `name` varchar(100) NOT NULL,
  `description` text,
  PRIMARY KEY (`id`)
) ENGINE=InnoDB  DEFAULT CHARSET=utf8 AUTO_INCREMENT=755 ;

--
-- Дамп данных таблицы `technics`
--

INSERT INTO `technics` (`id`, `name`, `description`) VALUES
(2, '14" [Travel] Ноутбук DNS (0163031) (HD)', NULL),
(3, '11.6" [Travel] Ноутбук DNS (0800154) (HD)', NULL),
(4, '15.6" [Home] Ноутбук DNS (0801035) (HD)', NULL),
(5, '11.6" [Travel] Ноутбук DNS (0801183) (HD)', NULL),
(6, '15.6" [Office] Ноутбук DNS (0801052) (HD)', NULL),
(7, '11.6" [Travel] Ноутбук DNS (0801182) (HD, Touch)', NULL),
(8, '14" [Travel] Ноутбук DNS (0802291) (HD)', NULL),
(9, '17.3" [Office] Ноутбук DNS (0801009) (HD+)', NULL),
(10, '15.6" [Office] Ноутбук DNS (0801232) (HD)', NULL),
(11, '15.6" [Office] Ноутбук DNS (0802747) (HD)', NULL),
(12, '15.6" [Home] Ноутбук DNS (0801148) (HD)', NULL),
(13, '15.6" [Office] Ноутбук DNS (0801233) (HD)', NULL),
(14, '15.6" [Home] Ноутбук DNS (0801186) (HD)', NULL),
(15, '17.3" [Home] Ноутбук DNS (0801263) (HD+)', NULL),
(16, '15.6" [Home] Ноутбук DNS (0802340) (HD)', NULL),
(17, '17.3" [Office] Ноутбук DNS (0802871) (HD+)', NULL),
(18, '17.3" [Office] Ноутбук DNS (0801189) (HD+)', NULL),
(19, '14" [Travel] Ноутбук DNS (0801164) (HD)', NULL),
(20, '17.3" [Home] Ноутбук DNS (0164777) (HD+)', NULL),
(21, '17.3" [Home] Ноутбук DNS (0170705) (HD+)', NULL),
(22, '15.6" [Office] Ноутбук DNS (0802734) (HD)', NULL),
(23, '15.6" [Home] Ноутбук DNS (0802891) (HD)', NULL),
(24, '15.6" [Home] Ноутбук DNS (0800661) (HD)', NULL),
(25, '15.6" [Home] Ноутбук DNS (0801479)', NULL),
(26, '17.3" [Office] Ноутбук DNS (0802870) (HD+)', NULL),
(27, '15.6" [Home] Ноутбук DNS (0164781) (HD)', NULL),
(28, '15.6" [Home] Ноутбук DNS (0801143) (HD)', NULL),
(29, '15.6" [Home] Ноутбук DNS (0802983) (HD)', NULL),
(30, '17.3" [Home] Ноутбук DNS (0802418) (HD+)', NULL),
(31, '15.6" [Home] Ноутбук DNS (0164780) (HD)', NULL),
(32, '15.6" [Home] Ноутбук DNS (0802970) (HD)', NULL),
(33, '15.6" [Home] Ноутбук DNS (0802971) (HD)', NULL),
(34, '15.6" [Home] Ноутбук DNS (0164783) (HD)', NULL),
(35, '15.6" [Home] Ноутбук DNS (0801006) (HD)', NULL),
(36, '17.3" [Home] Ноутбук DNS (0800931) (FHD)', NULL),
(37, '15.6" [Home] Ноутбук DNS (0801147) (FHD)', NULL),
(38, '15.6" [Home] Ноутбук DNS (0802417) (HD)', NULL),
(39, '15.6" [Home] Ноутбук DNS (0801007) (HD)', NULL),
(40, '17.3" [Home] Ноутбук DNS (0801057) (HD+)', NULL),
(41, '15.6" [Home] Ноутбук DNS (0802975) (HD)', NULL),
(42, '15.6" [Home] Ноутбук DNS (0801149) (HD)', NULL),
(43, '15.6" [Home] Ноутбук DNS (0801480) (FHD)', NULL),
(44, '17.3" [Home] Ноутбук DNS (0801482) (HD+)', NULL),
(45, '15.6" [Home] Ноутбук DNS (0801187) (HD)', NULL),
(46, '15.6" [Home] Ноутбук DNS (0802892) (HD)', NULL),
(47, '15.6" [Home] Ноутбук DNS (0801188) (HD)', NULL),
(48, '17.3" [Home] Ноутбук DNS (0802881) (HD+)', NULL),
(49, '15.6" [Home] Ноутбук DNS (0803082) (HD)', NULL),
(50, '17.3" [Home] Ноутбук DNS (0801484) (HD+)', NULL),
(51, '17.3" [Home] Ноутбук DNS (0800933) (FHD)', NULL),
(52, '15.6" [Home] Ноутбук DNS (0802980) (HD)', NULL),
(53, '15.6" [Home] Ноутбук DNS (0803498) (HD)', NULL),
(54, '17.3" [Home] Ноутбук DNS (0802882) (HD+)', NULL),
(55, '17.3" [Home] Ноутбук DNS (0801636) (HD+)', NULL),
(56, '17.3" [Gamer] Ноутбук DNS (0801190) (FHD)', NULL),
(57, '15.6" [Gamer] Ноутбук DNS (0801150) (HD)', NULL),
(58, '17.3" [Gamer] Ноутбук DNS (0169860) (HD+)', NULL),
(59, '15.6" [Home] Ноутбук DNS (0801481) (FHD)', NULL),
(60, '17.3" [Gamer] Ноутбук DNS (0801191) (FHD)', NULL),
(61, '15.6" [Gamer] Ноутбук DNS (0801258) (FHD, IPS)', NULL),
(62, '15.6" [Gamer] Ноутбук DNS (0802723) (HD)', NULL),
(63, '17.3" [Gamer] Ноутбук DNS (0801192) (HD+)', NULL),
(64, '17.3" [Gamer] Ноутбук DNS (0802872) (HD+)', NULL),
(65, '15.6" [Gamer] Ноутбук DNS (0802722) (HD)', NULL),
(66, '15.6" [Extreme] Ноутбук DNS (0802724) (FHD)', NULL),
(67, '17.3" [Gamer] Ноутбук DNS (0801483) (FHD)', NULL),
(68, '17.3" [Extreme] Ноутбук DNS (0802876) (FHD)', NULL),
(69, '15.6" Ноутбук Acer ES1-511-C5G6 (HD)', NULL),
(70, '15.6" Ноутбук Acer E1-510-28202G32Mnkk (HD)', NULL),
(71, '15.6" Ноутбук Acer TravelMate TMP253-E-20204G50Mnks (HD)', NULL),
(72, '15.6" Ноутбук Acer Extensa EX2509-C82B (HD)', NULL),
(73, '11.6" Ноутбук Acer V5-132P-10192G32nbb (HD, Touch)', NULL),
(74, '15.6" Ноутбук Acer ES1-511-C7BZ (HD)', NULL),
(75, '15.6" Ноутбук Acer Extensa EX2509-P1AT (HD)', NULL),
(76, '11.6" Ноутбук Acer V3-111P-P3RE (HD, Touch)', NULL),
(77, '15.6" Ноутбук Acer E5-531G-P859 (HD)', NULL),
(78, '15.6" Ноутбук Acer Extensa EX2510G-P8HF (HD)', NULL),
(79, '15.6" Ноутбук Acer E1-530G-21174G1TMnii (HD)', NULL),
(80, '15.6" Ноутбук Acer E1-532G-35584G50Mnkk (HD)', NULL),
(81, '13.3" Ноутбук Acer V3-331-P7J8 (HD)', NULL),
(82, '15.6" Ноутбук Acer E1-570G-33214G50Mnii (HD)', NULL),
(83, '13.3" Ноутбук Acer V3-331-P7J8 (HD)', NULL),
(84, '15.6" Ноутбук Acer E1-570G-33214G50Mnkk (HD)', NULL),
(85, '15.6" Ноутбук Acer E1-572G-34014G50Mnkk (HD)', NULL),
(86, '15.6" Ноутбук Acer Extensa EX2510-36FS (HD)', NULL),
(87, '15.6" Ноутбук Acer E5-571G-3019 (HD)', NULL),
(88, '15.6" Ноутбук Acer Extensa EX2510G-365E (HD)', NULL),
(89, '15.6" Ноутбук Acer E1-572G-54204G50Mnkk (HD)', NULL),
(90, '15.6" Ноутбук Acer E1-570G-53334G50Mnii (HD)', NULL),
(91, '17.3" Ноутбук Acer E1-771G-33124G50Mnii (HD+)', NULL),
(92, '15.6" Ноутбук Acer TravelMate P453-M-33124G32Makk (HD)', NULL),
(93, '15.6" Ноутбук Acer V5-572G-33226G50akk(HD)', NULL),
(94, '15.6" Ноутбук Acer E1-570G-53334G50Mnkk (HD)', NULL),
(95, '15.6" Ноутбук Acer E1-572G-34016G75Mnkk (HD)', NULL),
(96, '15.6" Ноутбук Acer E1-572G-34016G75Mnii (HD)', NULL),
(97, '15.6" Ноутбук Acer E1-572G-54204G50Mnii (HD)', NULL),
(98, '17.3" Ноутбук Acer E1-772G-34004G50Mnsk (HD+)', NULL),
(99, '15.6" Ноутбук Acer V5-561G-54204G50TMaik (HD)', NULL),
(100, '15.6" Ноутбук Acer Extensa EX2510G-53DE (HD)', NULL),
(101, '13.3" Ноутбук Acer V3-371-33EC (HD)', NULL),
(102, '13.3" Ноутбук Acer V3-371-33EC (HD)', NULL),
(103, '17.3" Ноутбук Acer E5-771G-30CE (HD+)', NULL),
(104, '15.6" Ноутбук Acer V5-552G-85556G50akk (HD)', NULL),
(105, '15.6" Ноутбук Acer E5-571G-52FL (HD)', NULL),
(106, '17.3" Ноутбук Acer E1-772G-54204G50Mnsk (HD+)', NULL),
(107, '15.6" Ноутбук Acer E5-571G-39TX (HD)', NULL),
(108, '15.6" Ноутбук Acer E5-571G-32BH (HD)', NULL),
(109, '15.6" Ноутбук Acer V5-572G-53336G50akk (HD)', NULL),
(110, '15.6" Ноутбук Acer E5-551G-T2LT (HD)', NULL),
(111, '15.6" Ноутбук Acer E1-572G-54206G1TMnkk (HD)', NULL),
(112, '15.6" Ноутбук Acer V5-572PG-53336G50amm (HD, Touch)', NULL),
(113, '15.6" Ноутбук Acer V5-572PG-53336G50amm (HD, Touch)', NULL),
(114, '15.6" Ноутбук Acer E1-572G-74506G50Mnii (HD)', NULL),
(115, '15.6" Ноутбук Acer E1-570G-53336G1TMnii (HD)', NULL),
(116, '17.3" Ноутбук Acer E5-771G-5025 (HD+)', NULL),
(117, '15.6" Ноутбук Acer E1-572G-74506G50Mnkk (HD)', NULL),
(118, '15.6" Ноутбук Acer V3-571G-53236G75Maii (FHD)', NULL),
(119, '15.6" Ноутбук Acer E1-572G-74508G1TMnkk (HD)', NULL),
(120, '15.6" Ноутбук Acer E5-571G-55TR (HD)', NULL),
(121, '13.3" Ноутбук Acer V3-371-52PK (HD)', NULL),
(122, '15.6" Ноутбук Acer E1-572G-74508G1TMnii (HD)', NULL),
(123, '17.3" Ноутбук Acer E5-771G-55VP (HD+)', NULL),
(124, '15.6" Ноутбук Acer V5-573G-54208G1Takk (HD)', NULL),
(125, '15.6" Ноутбук Acer E5-571G-73YD (HD)', NULL),
(126, '17.3" Ноутбук Acer V3-772G-54216G1TMakk (FHD)', NULL),
(127, '17.3" Ноутбук Acer V3-772G-54216G1TMamm (FHD)', NULL),
(128, '15.6" Ноутбук Acer V5-573G-54218G1Taii (FHD, IPS)', NULL),
(129, '15.6" Ноутбук Acer V5-573G-54218G1Takk (FHD, IPS)', NULL),
(130, '15.6" Ноутбук Acer V5-573PG-54208G1Tamm (FHD, IPS, Touch)', NULL),
(131, '13.3" Ультрабук Acer S3-392G-54206G50tws (HD, Touch)', NULL),
(132, '14" Ультрабук Acer TravelMate TMP645-M-54206G52tkk (HD)', NULL),
(133, '17.3" Ноутбук Acer V3-772G-747a8G1TMakk (FHD)', NULL),
(134, '17.3" Ноутбук Acer V3-772G-747a8G1TMamm (FHD)', NULL),
(135, '13.3" Ультрабук Acer S7-391-73534G25aws (FHD, Touch)', NULL),
(136, '15.6" Ноутбук Acer V5-573G-74518G1Takk (FHD, IPS)', NULL),
(137, '15.6" Ноутбук Acer V5-573G-74518G1Taii (FHD, IPS)', NULL),
(138, '14" Ультрабук Acer TravelMate P645-MG-54208G1.02TTkk (HD)', NULL),
(139, '15.6" Ноутбук Acer R7-572-54206G1Tass (FHD, Touch, IPS)', NULL),
(140, '15.6" Ноутбук Acer R7-572G-74506G75ass (FHD, Touch)', NULL),
(141, '15.6" Ноутбук Acer R7-572G-54218G1Tass (FHD, Touch, IPS)', NULL),
(142, '15.6" Ноутбук Acer R7-572G-74518G1Tass (FHD, Touch, IPS)', NULL),
(143, '17.3" Ноутбук Acer V3-772G-747a16126TBDCakk (FHD)', NULL),
(144, '17.3" Ноутбук Acer V3-772G-747a161.26TBDCamm (FHD)', NULL),
(145, '13.3" Ультрабук Acer S7-392-54208G12tws (2560x1440, Touch)', NULL),
(146, '13.3" Ультрабук Acer S7-392-74508G25tws (2560x1440, Touch)', NULL),
(147, '17.3" Ноутбук Alienware A17-7970 (FHD)', NULL),
(148, '17.3" Ноутбук Alienware A17-9226 (FHD)', NULL),
(149, '18.4" Ноутбук Alienware A18-9257 (FHD)', NULL),
(150, '17.3" Ноутбук Alienware A17-9233 (FHD)', NULL),
(151, '18.4" Ноутбук Alienware A18-7556 (FHD)', NULL),
(152, '18.4" Ноутбук Alienware A18-9264 (FHD)', NULL),
(153, '18.4" Ноутбук Alienware A18-8748(FHD)', NULL),
(154, '11.6" Ноутбук Apple MacBook Air (MD711RU, A)(HD)', NULL),
(155, '11.6" Ноутбук Apple MacBook Air (MD711RU, B)(HD)', NULL),
(156, '13.3" Ноутбук Apple MacBook Air (MD760RU, B)(WXGA+)', NULL),
(157, '11.6" Ноутбук Apple MacBook Air (MD712RU, B)(HD)', NULL),
(158, '13.3" Ноутбук Apple MacBook Pro (MD101RS, A)(WXGA)', NULL),
(159, '13.3" Ноутбук Apple MacBook Air (MD761RU, B)(WXGA+)', NULL),
(160, '13.3" Ноутбук Apple MacBook Pro Retina (ME864RU, A)(WQXGA)', NULL),
(161, '13.3" Ноутбук Apple MacBook Pro Retina (MGX72RU, A)(WQXGA)', NULL),
(162, '13.3" Ноутбук Apple MacBook Pro Retina (MGX82RU, A)(WQXGA)', NULL),
(163, '13.3" Ноутбук Apple MacBook Pro Retina (ME866RU, A)(WQXGA)', NULL),
(164, '15.4" Ноутбук Apple MacBook Pro Retina ME293RU(2880x1800)', NULL),
(165, '13.3" Ноутбук Apple MacBook Pro Retina (MGX92RU, A)(WQXGA)', NULL),
(166, '15.4" Ноутбук Apple MacBook Pro Retina MGXA2RU(2880x1800)', NULL),
(167, '15.4" Ноутбук Apple MacBook Pro Retina ME294RU(2880x1800)', NULL),
(168, '15.4" Ноутбук Apple MacBook Pro Retina MGXC2RU(2880x1800)', NULL),
(169, '11.6" Ноутбук Asus (X200Ca)(HD)', NULL),
(170, '11.6" Ноутбук Asus (X200Ma)(HD)', NULL),
(171, '11.6" Ноутбук Asus (X200Ma)(HD)', NULL),
(172, '15.6" Ноутбук Asus (X552EA)(HD)', NULL),
(173, '15.6" Ноутбук Asus (X551MA)(HD)', NULL),
(174, '15.6" Ноутбук Asus (X552EA)(HD)', NULL),
(175, '15.6" Ноутбук Asus (X551CA)(HD)', NULL),
(176, '11.6" Ноутбук Asus (X200Ma)(HD)', NULL),
(177, '11.6" Ноутбук Asus (X200Ma)(HD)', NULL),
(178, '14" Ноутбук Asus (X451MAV)(HD)', NULL),
(179, '11.6" Ноутбук Asus (X200Ma)(HD)', NULL),
(180, '15.6" Ноутбук Asus (X552EA)(HD)', NULL),
(181, '15.6" Ноутбук Asus (X551MA)(HD)', NULL),
(182, '15.6" Ноутбук Asus (X552EA)(HD)', NULL),
(183, '15.6" Ноутбук Asus (X551MA)(HD)', NULL),
(184, '10.1" Ноутбук Asus (X102BA)(HD, Touch)', NULL),
(185, '10.1" Ноутбук Asus (X102BA)(HD, Touch)', NULL),
(186, '15.6" Ноутбук Asus (X551MAV)(HD)', NULL),
(187, '15.6" Ноутбук Asus (X502Ca)(HD)', NULL),
(188, '15.6" Ноутбук Asus (X551MA)(HD)', NULL),
(189, '15.6" Ноутбук Asus (X551MAV)(HD)', NULL),
(190, '11.6" Ноутбук Asus (X200Ma)(HD)', NULL),
(191, '11.6" Ноутбук Asus (X200Ma)(HD)', NULL),
(192, '11.6" Ноутбук Asus (X200Ma)(HD)', NULL),
(193, '10.1" Ноутбук Asus (X102BA)(HD, Touch)', NULL),
(194, '15.6" Ноутбук Asus (X551MA)(HD)', NULL),
(195, '15.6" Ноутбук Asus (X552EA)(HD)', NULL),
(196, '15.6" Ноутбук Asus (X551CA)(HD)', NULL),
(197, '15.6" Ноутбук Asus (R512MA)(HD)', NULL),
(198, '10.1" Ноутбук Asus (X102BA)(HD, Touch)', NULL),
(199, '15.6" Ноутбук Asus (X552CL)(HD)', NULL),
(200, '15.6" Ноутбук Asus (X551MA)(HD)', NULL),
(201, '15.6" Ноутбук Asus (X552EA)(HD)', NULL),
(202, '15.6" Ноутбук Asus (X551MA)(HD)', NULL),
(203, '11.6" Ноутбук Asus (X200CA)(HD, Touch)', NULL),
(204, '11.6" Ноутбук Asus (X200CA)(HD, Touch)', NULL),
(205, '15.6" Ноутбук Asus (X551MAV)(HD)', NULL),
(206, '14" Ноутбук Asus (X451MAV)(HD)', NULL),
(207, '15.6" Ноутбук Asus (X552EA)(HD)', NULL),
(208, '15.6" Ноутбук Asus (X551MA)(HD)', NULL),
(209, '15.6" Ноутбук Asus (X551MA)(HD)', NULL),
(210, '15.6" Ноутбук Asus (X551MA)(HD)', NULL),
(211, '11.6" Ноутбук Asus (X200Ma)(HD, Touch)', NULL),
(212, '11.6" Ноутбук Asus (X200Ma)(HD, Touch)', NULL),
(213, '15.6" Ноутбук Asus (X552CL)(HD)', NULL),
(214, '15.6" Ноутбук Asus (X552EP)(HD)', NULL),
(215, '15.6" Ноутбук Asus (X552EP)(HD)', NULL),
(216, '11.6" Ноутбук Asus (X200Ma)(HD, Touch)', NULL),
(217, '11.6" Ноутбук Asus (X200Ma)(HD, Touch)', NULL),
(218, '15.6" Ноутбук Asus (X551CA)(HD)', NULL),
(219, '15.6" Ноутбук Asus (X550LA)(HD)', NULL),
(220, '15.6" Ноутбук Asus (X550CC)(HD)', NULL),
(221, '17.3" Ноутбук Asus (X751Ma)(HD+)', NULL),
(222, '11.6" Ноутбук Asus (X200LA)(HD, Touch)', NULL),
(223, '11.6" Ноутбук Asus (X200LA)(HD, Touch)', NULL),
(224, '11.6" Ноутбук Asus (X200LA)(HD, Touch)', NULL),
(225, '17.3" Ноутбук Asus (X751Md)(HD+)', NULL),
(226, '15.6" Ноутбук Asus (X550CC), F550СС(HD)', NULL),
(227, '15.6" Ноутбук Asus (X552CL, F552CL)(HD)', NULL),
(228, '15.6" Ноутбук Asus (X550CC)(HD)', NULL),
(229, '15.6" Ноутбук Asus (X552EP)(HD)', NULL),
(230, '15.6" Ноутбук Asus (X552CL, F552CL)(HD)', NULL),
(231, '15.6" Ноутбук Asus (K56CB)(HD)', NULL),
(232, '15.6" Ноутбук Asus (X552CL, F552CL)(HD)', NULL),
(233, '15.6" Ноутбук Asus (X550LA)(HD)', NULL),
(234, '15.6" Ноутбук Asus (X550LC)(HD)', NULL),
(235, '17.3" Ноутбук Asus (X751LA)(HD+)', NULL),
(236, '15.6" Ноутбук Asus (X550DP)(HD)', NULL),
(237, '13.3" Ноутбук Asus (S301LP)(HD, Touch)', NULL),
(238, '14" Ноутбук Asus (X450LN)(HD)', NULL),
(239, '15.6" Ноутбук Asus (X550LD)(HD)', NULL),
(240, '15.6" Ноутбук Asus (X550LB)(HD)', NULL),
(241, '17.3" Ноутбук Asus (X751LD)(HD+)', NULL),
(242, '15.6" Ноутбук Asus (X550LD)(HD)', NULL),
(243, '15.6" Ноутбук Asus (K551LB)(HD)', NULL),
(244, '15.6" Ноутбук Asus (X550CC)(HD)', NULL),
(245, '15.6" Ноутбук Asus (X550LC)(HD)', NULL),
(246, '15.6" Ноутбук Asus (X550LN)(HD)', NULL),
(247, '17.3" Ноутбук Asus (X751LD)(HD+)', NULL),
(248, '15.6" Ноутбук Asus (K551LB)(HD)', NULL),
(249, '17.3" Ноутбук Asus (X751LD)(HD+)', NULL),
(250, '15.6" Ноутбук Asus (K551LN)(HD)', NULL),
(251, '15.6" Ноутбук Asus (K551LN)(HD)', NULL),
(252, '17.3" Ноутбук Asus (X751LA)(HD+)', NULL),
(253, '15.6" Ноутбук Asus (TP500LA)(HD, Touch)', NULL),
(254, '15.6" Ноутбук Asus (K551LB)(HD)', NULL),
(255, '14" Ноутбук Asus (S451LB)(HD, Touch)', NULL),
(256, '15.6" Ноутбук Asus (X550LD)(HD)', NULL),
(257, '15.6" Ноутбук Asus (X550LN)(HD)', NULL),
(258, '15.6" Ноутбук Asus (K550CC)(HD)', NULL),
(259, '15.6" Ноутбук Asus (X550LD)(HD)', NULL),
(260, '17.3" Ноутбук Asus (X75VB)(HD+)', NULL),
(261, '15.6" Ноутбук Asus (K551LN)(HD)', NULL),
(262, '17.3" Ноутбук Asus (X751LD)(HD+)', NULL),
(263, '17.3" Ноутбук Asus (X75VB)(HD+)', NULL),
(264, '15.6" Ноутбук Asus (K551LN)(HD)', NULL),
(265, '14" Ноутбук Asus (X450LN)(HD)', NULL),
(266, '17.3" Ноутбук Asus (X751LD)(HD+)', NULL),
(267, '15.6" Ноутбук Asus (TP500LA)(HD, Touch)', NULL),
(268, '17.3" Ноутбук Asus (X751LD)(HD+)', NULL),
(269, '15.6" Ноутбук Asus (K551LN)(HD)', NULL),
(270, '15.6" Ноутбук Asus (N56VB)(HD)', NULL),
(271, '17.3" Ноутбук Asus (K750JA)(HD+)', NULL),
(272, '15.6" Ноутбук Asus (K56CB)(HD)', NULL),
(273, '15.6" Ноутбук Asus (K56CB)(HD)', NULL),
(274, '15.6" Ноутбук Asus (X550LN)(HD)', NULL),
(275, '15.6" Ноутбук Asus (N56VB)(FHD)', NULL),
(276, '15.6" Ноутбук Asus (TP500LN)(HD, Touch)', NULL),
(277, '15.6" Ноутбук Asus (N56VV)(FHD)', NULL),
(278, '15.6" Ноутбук Asus (K551LN)(HD)', NULL),
(279, '17.3" Ноутбук Asus (K750Jn)(HD+)', NULL),
(280, '15.6" Ноутбук Asus (X550LN)(HD)', NULL),
(281, '15.6" Ноутбук Asus (K550CC)(HD)', NULL),
(282, '15.6" Ноутбук Asus (N56VV)(FHD)', NULL),
(283, '14" Ноутбук Asus (S451LN)(HD, Touch)', NULL),
(284, '18.4" Ноутбук Asus (K95VB)(FHD)', NULL),
(285, '15.6" Ноутбук Asus (K551LN)(HD)', NULL),
(286, '17.3" Ноутбук Asus (K750JN)(HD+)', NULL),
(287, '17.3" Ноутбук Asus (K750JN)(HD+)', NULL),
(288, '14" Ноутбук Asus (S451LN)(HD, Touch)', NULL),
(289, '15.6" Ноутбук Asus (TP500LN)(HD, Touch)', NULL),
(290, '15.6" Ноутбук Asus (N56JN)(FHD)', NULL),
(291, '15.6" Ноутбук Asus (N56VB)(FHD)', NULL),
(292, '17.3" Ноутбук Asus (K750JB)(HD+)', NULL),
(293, '15.6" Ноутбук Asus (G56JR)(FHD)', NULL),
(294, '15.6" Ноутбук Asus (N550JK)(FHD)', NULL),
(295, '13.3" Ноутбук Asus (UX32LA)(HD)', NULL),
(296, '17.3" Ноутбук Asus (N750Jv)(FHD)', NULL),
(297, '15.6" Ноутбук Asus (N56JK)(FHD)', NULL),
(298, '15.6" Ноутбук Asus (B551LA)(HD)', NULL),
(299, '15.6" Ноутбук Asus (N550Jv)(FHD)', NULL),
(300, '15.6" Ноутбук Asus (N56JR)(FHD)', NULL),
(301, '14" Ноутбук Asus (BU401LG)(HD+)', NULL),
(302, '13.3" Ультрабук Asus (UX32LN)(FHD)', NULL),
(303, '18.4" Ноутбук Asus (K95VB)(FHD)', NULL),
(304, '15.6" Ноутбук Asus (G56JR)(FHD)', NULL),
(305, '15.6" Ноутбук Asus (N550Jv)(FHD)', NULL),
(306, '15.6" Ноутбук Asus (N56JN)(FHD)', NULL),
(307, '13.3" Ноутбук Asus Transformer Book (TX300CA)(FHD, IPS, Touch)', NULL),
(308, '15.6" Ноутбук Asus (N550JK)(FHD)', NULL),
(309, '15.6" Ноутбук Asus (N550JK)(FHD)', NULL),
(310, '15.6" Ноутбук Asus (G550JK)(FHD)', NULL),
(311, '15.6" Ноутбук Asus (B551LA)(FHD)', NULL),
(312, '15.6" Ноутбук Asus (N56JR)(FHD)', NULL),
(313, '13.3" Ноутбук Asus (UX302LG)(FHD, Touch)', NULL),
(314, '15.6" Ноутбук Asus (G550JK)(FHD)', NULL),
(315, '17.3" Ноутбук Asus (N750JK)(FHD)', NULL),
(316, '17.3" Ноутбук Asus (N750JK)(FHD)', NULL),
(317, '15.6" Ноутбук Asus (N550JK)(FHD)', NULL),
(318, '14" Ноутбук Asus (BU401LG)(HD+)', NULL),
(319, '15.6" Ноутбук Asus (G56JK)(FHD)', NULL),
(320, '15.6" Ноутбук Asus (B551LG)(FHD)', NULL),
(321, '17.3" Ноутбук Asus (N750JK)(FHD)', NULL),
(322, '17.3" Ноутбук Asus (N750JK)(FHD)', NULL),
(323, '15.6" Ноутбук Asus (N550JK)(FHD)', NULL),
(324, '15.6" Ноутбук Asus (N56JK)(FHD)', NULL),
(325, '15.6" Ноутбук Asus (N550JK)(FHD)', NULL),
(326, '17.3" Ноутбук Asus (N750JK)(FHD)', NULL),
(327, '17.3" Ноутбук Asus (N750JK)(FHD)', NULL),
(328, '15.6" Ноутбук Asus (G550JK)(FHD)', NULL),
(329, '17.3" Ноутбук Asus (G750JM)(FHD)', NULL),
(330, '13.3" Ноутбук Asus (UX301LA)(FHD, Touch)', NULL),
(331, '13.3" Ноутбук Asus (UX301LA)(WQXGA, Touch)', NULL),
(332, '13.3" Ноутбук Asus (UX301LA)(WQXGA, Touch)', NULL),
(333, '17.3" Ноутбук Asus (G750JM)(FHD)', NULL),
(334, '17.3" Ноутбук Asus (G750JS)(FHD)', NULL),
(335, '17.3" Ноутбук Asus (G750JM)(FHD)', NULL),
(336, '17.3" Ноутбук Asus (G750JH)(FHD)', NULL),
(337, '17.3" Ноутбук Asus (G750JM)(FHD)', NULL),
(338, '17.3" Ноутбук Asus (G750JM)(FHD)', NULL),
(339, '13.3" Ноутбук Asus (UX301LA)(FHD, Touch)', NULL),
(340, '13.3" Ноутбук Asus (UX301LA)(WQXGA, Touch)', NULL),
(341, '17.3" Ноутбук Asus (G750JS)(FHD)', NULL),
(342, '17.3" Ноутбук Asus (G750JZ)(FHD)', NULL),
(343, '17.3" Ноутбук Asus (G750JZ)(FHD)', NULL),
(344, '15.6" Ноутбук DELL Inspiron 3541-9110 (HD)', NULL),
(345, '15.6" Ноутбук DELL Inspiron 3542-8588 (HD)', NULL),
(346, '15.6" Ноутбук DELL Inspiron 3521-6030 (HD)', NULL),
(347, '15.6" Ноутбук DELL Inspiron 3537-8151 (HD)', NULL),
(348, '15.6" Ноутбук DELL Inspiron 3521-8485 (HD)', NULL),
(349, '15.6" Ноутбук DELL Inspiron 3521-6942 (HD)', NULL),
(350, '15.6" Ноутбук DELL Inspiron 3542-8564 (HD)', NULL),
(351, '11.6" Ноутбук DELL Inspiron 3138-7864 (HD, Touch)', NULL),
(352, '17.3" Ноутбук DELL Inspiron 3721-6177 (HD+)', NULL),
(353, '11.6" Ноутбук DELL Inspiron 3137-7437 (HD, Touch)', NULL),
(354, '11.6" Ноутбук DELL Inspiron 3135-7802 (HD, Touch)', NULL),
(355, '15.6" Ноутбук DELL Inspiron 3521-6982 (HD)', NULL),
(356, '15.6" Ноутбук DELL Inspiron 3542-8571 (HD)', NULL),
(357, '15.6" Ноутбук DELL Inspiron 3521-8137 (HD)', NULL),
(358, '15.6" Ноутбук DELL Inspiron 3537-6959 (HD)', NULL),
(359, '11.6" Ноутбук DELL Inspiron 3147-9103 (HD, Touch)', NULL),
(360, '14" Ноутбук DELL Vostro 5470-3159 (HD)', NULL),
(361, '15.6" Ноутбук DELL Inspiron 5547-8687 (HD)', NULL),
(362, '14" Ноутбук DELL Vostro 5470-7505 (HD)', NULL),
(363, '14" Ноутбук DELL Vostro 5470-7512 (HD)', NULL),
(364, '17.3" Ноутбук DELL Inspiron 5737-8409 (HD+)', NULL),
(365, '17.3" Ноутбук DELL Inspiron 5737-8263 (FHD)', NULL),
(366, '17.3" Ноутбук DELL Inspiron 7737-7765 (HD+)', NULL),
(367, '15.6" Ноутбук DELL Inspiron 7537-3104 (HD)', NULL),
(368, '17.3" Ноутбук DELL Inspiron 7737-1765 (FHD, Touch)', NULL),
(369, '15.6" Ноутбук DELL Inspiron 7537-7161 (FHD, Touch)', NULL),
(370, '17.3" Ноутбук DELL Inspiron 7737-3180 (FHD, Touch)', NULL),
(371, '12.5" Ноутбук DELL XPS Duo 12 (FHD, Touch, IPS)', NULL),
(372, '14" Ультрабук DELL Latitude E7440 (FHD)', NULL),
(373, '12.5" Ноутбук DELL XPS 12 (FHD, Touch, IPS)', NULL),
(374, '15.6" Ноутбук DELL XPS 15 (QHD+ , Touch)', NULL),
(375, '15.6" Ноутбук DELL XPS 15 (QHD+ , Touch)', NULL),
(376, '15.6" Ноутбук Fujitsu LIFEBOOK A512 (HD)', NULL),
(377, '14" Ноутбук Gigabyte P34G (FHD)', NULL),
(378, '14" Ноутбук Gigabyte P34G (FHD)', NULL),
(379, '15.6" Ноутбук Gigabyte P35G (FHD)', NULL),
(380, '14" Ноутбук Gigabyte P34G (FHD)', NULL),
(381, '15.6" Ноутбук HP 15-g000sr (HD)', NULL),
(382, '15.6" Ноутбук HP 15-d050sr (HD) Celeron N2810(2.0)', NULL),
(383, '15.6" Ноутбук HP 15-r052sr (HD)', NULL),
(384, '15.6" Ноутбук HP 15-g001sr (HD)', NULL),
(385, '15.6" Ноутбук HP 15-g002sr (HD)', NULL),
(386, '15.6" Ноутбук HP 15-r056sr (HD)', NULL),
(387, '15.6" Ноутбук HP 15-r050sr (HD)', NULL),
(388, '15.6" Ноутбук HP Pavilion 15-d053sr (HD)', NULL),
(389, '15.6" Ноутбук HP Pavilion 15-n065sr (HD)', NULL),
(390, '10.1" Ноутбук HP Pavilion 10-e010sr (HD, Touch)', NULL),
(391, '15.6" Ноутбук HP 15-r055sr (HD)', NULL),
(392, '15.6" Ноутбук HP Pavilion 15-n001sr (HD)', NULL),
(393, '15.6" Ноутбук HP Pavilion 15-n274sr (HD)', NULL),
(394, '15.6" Ноутбук HP Pavilion 15-n206sr (HD)', NULL),
(395, '15.6" Ноутбук HP Pavilion 15-n053sr (HD)', NULL),
(396, '15.6" Ноутбук HP 15-n255sr (HD)', NULL),
(397, '15.6" Ноутбук HP 15-r058sr (HD)', NULL),
(398, '15.6" Ноутбук HP Pavilion 15-n055sr (HD)', NULL),
(399, '15.6" Ноутбук HP 15-g019sr (HD)', NULL),
(400, '15.6" Ноутбук HP 15-r061sr (HD)', NULL),
(401, '15.6" Ноутбук HP 15-r077sr (HD)', NULL),
(402, '15.6" Ноутбук HP 15-r057sr (HD)', NULL),
(403, '15.6" Ноутбук HP 15-d057sr (HD)', NULL),
(404, '15.6" Ноутбук HP Pavilion 15-n208sr (HD)', NULL),
(405, '15.6" Ноутбук HP Pavilion 15-n212sr (HD)', NULL),
(406, '17.3" Ноутбук HP Pavilion 17-e106sr (HD+)', NULL),
(407, '15.6" Ноутбук HP Pavilion 15-p004sr (HD)', NULL),
(408, '17.3" Ноутбук HP Pavilion 17-e108sr (HD+)', NULL),
(409, '15.6" Ноутбук HP Pavilion 15-n210sr (HD)', NULL),
(410, '15.6" Ноутбук HP Pavilion 15-n277sr (HD)', NULL),
(411, '17.3" Ноутбук HP Pavilion 17-f005sr (HD+)', NULL),
(412, '15.6" Ноутбук HP Pavilion 15-n262sr (HD)', NULL),
(413, '17.3" Ноутбук HP Pavilion 17-e109sr (HD+)', NULL),
(414, '17.3" Ноутбук HP Pavilion 17-e110sr (HD+)', NULL),
(415, '17.3" Ноутбук HP Pavilion 17-e156sr (HD+)', NULL),
(416, '17.3" Ноутбук HP Pavilion 17-e157sr (HD+)', NULL),
(417, '15.6" Ноутбук HP Pavilion 15-n266sr (HD)', NULL),
(418, '15.6" Ноутбук HP Pavilion Beats 15-p003sr (FHD, Touch)', NULL),
(419, '17.3" Ноутбук HP Envy 17-j110sr (HD+)', NULL),
(420, '15.6" Ноутбук HP ProBook 450 G1 (HD)', NULL),
(421, '15.6" Ноутбук HP Envy 15-u050er x360 (FHD, Touch)', NULL),
(422, '17.3" Ноутбук HP Envy 17-j013sr (FHD)', NULL),
(423, '15.6" Ноутбук HP Envy 15-j014sr (HD, Touch)', NULL),
(424, '15.6" Ноутбук HP Envy 15-j150sr (FHD)', NULL),
(425, '17.3" Ноутбук HP Envy 17-j115sr (FHD)', NULL),
(426, '17.3" Ноутбук HP Envy 17-j111sr Leap Motion (FHD)', NULL),
(427, '17.3" Ноутбук HP Envy 17-j100sr Leap Motion (FHD, Touch)', NULL),
(428, '17.3" Ноутбук HP Envy 17-j123sr (FHD, Touch)', NULL),
(429, '14" Ноутбук HP ZBook 14 (HD+)', NULL),
(430, '15.6" Ультрабук HP EliteBook 850 (FHD)', NULL),
(431, '15.6" Ноутбук Lenovo G500 (HD)', NULL),
(432, '15.6" Ноутбук Lenovo B590 (HD)', NULL),
(433, '15.6" Ноутбук Lenovo G580 (HD)', NULL),
(434, '15.6" Ноутбук Lenovo B5045 (HD)', NULL),
(435, '15.6" Ноутбук Lenovo G500 (HD)', NULL),
(436, '15.6" Ноутбук Lenovo B575 (HD)', NULL),
(437, '15.6" Ноутбук Lenovo G500 (HD)', NULL),
(438, '15.6" Ноутбук Lenovo G5070 (HD)', NULL),
(439, '15.6" Ноутбук Lenovo G505 (HD)', NULL),
(440, '15.6" Ноутбук Lenovo B590 (HD)', NULL),
(441, '15.6" Ноутбук Lenovo G505 (HD)', NULL),
(442, '15.6" Ноутбук Lenovo G505 (HD)', NULL),
(443, '15.6" Ноутбук Lenovo G5070 (HD)', NULL),
(444, '15.6" Ноутбук Lenovo B590 (HD)', NULL),
(445, '15.6" Ноутбук Lenovo G505 (HD)', NULL),
(446, '15.6" Ноутбук Lenovo G580 (HD)', NULL),
(447, '15.6" Ноутбук Lenovo B575 (HD)', NULL),
(448, '15.6" Ноутбук Lenovo G500 (HD)', NULL),
(449, '15.6" Ноутбук Lenovo B590 (HD)', NULL),
(450, '11.6" Ноутбук Lenovo S210 (HD)', NULL),
(451, '15.6" Ноутбук Lenovo G5070 (HD)', NULL),
(452, '15.6" Ноутбук Lenovo G580 (HD)', NULL),
(453, '15.6" Ноутбук Lenovo G580 (HD)', NULL),
(454, '15.6" Ноутбук Lenovo B575 (HD)', NULL),
(455, '15.6" Ноутбук Lenovo B590 (HD)', NULL),
(456, '15.6" Ноутбук Lenovo G505 (HD)', NULL),
(457, '15.6" Ноутбук Lenovo B5030 (HD)', NULL),
(458, '15.6" Ноутбук Lenovo B590 (HD)', NULL),
(459, '17.3" Ноутбук Lenovo G700 (HD+)', NULL),
(460, '15.6" Ноутбук Lenovo G500 (HD)', NULL),
(461, '15.6" Ноутбук Lenovo B575 (HD)', NULL),
(462, '11.6" Ноутбук Lenovo S210 (HD)', NULL),
(463, '15.6" Ноутбук Lenovo G505 (HD)', NULL),
(464, '10.1" Ноутбук Lenovo Flex 10 (HD, Touch)', NULL),
(465, '15.6" Ноутбук Lenovo B5030 (HD)', NULL),
(466, '15.6" Ноутбук Lenovo G5045 (HD)', NULL),
(467, '15.6" Ноутбук Lenovo G500 (HD)', NULL),
(468, '15.6" Ноутбук Lenovo G505 (HD)', NULL),
(469, '15.6" Ноутбук Lenovo B590 (HD)', NULL),
(470, '10.1" Ноутбук Lenovo Flex 10 (HD, Touch)', NULL),
(471, '15.6" Ноутбук Lenovo G580 (HD)', NULL),
(472, '15.6" Ноутбук Lenovo G505 (HD)', NULL),
(473, '15.6" Ноутбук Lenovo G5070 (HD)', NULL),
(474, '17.3" Ноутбук Lenovo G700 (HD+)', NULL),
(475, '15.6" Ноутбук Lenovo G580 (HD)', NULL),
(476, '15.6" Ноутбук Lenovo S510p (HD)', NULL),
(477, '11.6" Ноутбук Lenovo S215 (HD)', NULL),
(478, '10.1" Ноутбук Lenovo Flex 10 (HD, Touch)', NULL),
(479, '15.6" Ноутбук Lenovo S510p (HD)', NULL),
(480, '15.6" Ноутбук Lenovo G5030 (HD)', NULL),
(481, '15.6" Ноутбук Lenovo G5030 (HD)', NULL),
(482, '15.6" Ноутбук Lenovo B590 (HD)', NULL),
(483, '15.6" Ноутбук Lenovo G500 (HD)', NULL),
(484, '15.6" Ноутбук Lenovo G505s (HD)', NULL),
(485, '15.6" Ноутбук Lenovo G5070 (HD)', NULL),
(486, '15.6" Ноутбук Lenovo B5030 (HD)', NULL),
(487, '15.6" Ноутбук Lenovo G5070 (HD)', NULL),
(488, '15.6" Ноутбук Lenovo G500ST (HD, Touch)', NULL),
(489, '17.3" Ноутбук Lenovo G700 (HD+)', NULL),
(490, '15.6" Ноутбук Lenovo B5030 (HD)', NULL),
(491, '15.6" Ноутбук Lenovo B590 (HD)', NULL),
(492, '15.6" Ноутбук Lenovo G500 (HD)', NULL),
(493, '15.6" Ноутбук Lenovo G5070 (HD)', NULL),
(494, '15.6" Ноутбук Lenovo G505s (HD)', NULL),
(495, '17.3" Ноутбук Lenovo G700 (HD+)', NULL),
(496, '15.6" Ноутбук Lenovo G5070 (HD)', NULL),
(497, '15.6" Ноутбук Lenovo G505s (HD)', NULL),
(498, '17.3" Ноутбук Lenovo G700 (HD+)', NULL),
(499, '15.6" Ноутбук Lenovo G5070 (HD)', NULL),
(500, '15.6" Ноутбук Lenovo ThinkPad Edge E545 (HD)', NULL),
(501, '15.6" Ноутбук Lenovo B590 (HD)', NULL),
(502, '15.6" Ноутбук Lenovo G510 (HD)', NULL),
(503, '15.6" Ноутбук Lenovo B5400 (HD)', NULL),
(504, '15.6" Ноутбук Lenovo B5400 (HD)', NULL),
(505, '15.6" Ноутбук Lenovo G510 (HD)', NULL),
(506, '15.6" Ноутбук Lenovo B5400 (HD)', NULL),
(507, '14" Ноутбук Lenovo Flex2 14 (HD, Touch)', NULL),
(508, '15.6" Ноутбук Lenovo B590 (HD)', NULL),
(509, '15.6" Ноутбук Lenovo G510 (HD)', NULL),
(510, '15.6" Ноутбук Lenovo Z5070 (FHD)', NULL),
(511, '15.6" Ноутбук Lenovo G500s (HD, Touch)', NULL),
(512, '15.6" Ноутбук Lenovo G510 (HD)', NULL),
(513, '15.6" Ноутбук Lenovo M5400 (HD)', NULL),
(514, '17.3" Ноутбук Lenovo G700 (HD+)', NULL),
(515, '17.3" Ноутбук Lenovo G710 (HD+)', NULL),
(516, '15.6" Ноутбук Lenovo Z5070 (HD)', NULL),
(517, '15.6" Ноутбук Lenovo Flex15 (HD, Touch)', NULL),
(518, '15.6" Ноутбук Lenovo Z510 (HD)', NULL),
(519, '17.3" Ноутбук Lenovo Z710 (HD+)', NULL),
(520, '15.6" Ноутбук Lenovo G500s (HD, Touch)', NULL),
(521, '15.6" Ноутбук Lenovo G510 (HD)', NULL),
(522, '15.6" Ноутбук Lenovo Flex15 (HD, Touch)', NULL),
(523, '14" Ноутбук Lenovo Flex2 14 (FHD, Touch)', NULL),
(524, '17.3" Ноутбук Lenovo G700 (HD+)', NULL),
(525, '14" Ноутбук Lenovo Flex2 14 (FHD, Touch)', NULL),
(526, '17.3" Ноутбук Lenovo Z710 (HD+)', NULL),
(527, '15.6" Ноутбук Lenovo G510 (HD)', NULL),
(528, '13.3" Ноутбук Lenovo U330p (HD)', NULL),
(529, '15.6" Ноутбук Lenovo Flex2 15 (FHD, Touch)', NULL),
(530, '15.6" Ноутбук Lenovo G510 (HD)', NULL),
(531, '14" Ноутбук Lenovo U430p (HD)', NULL),
(532, '11.6" Ультрабук Lenovo Yoga11S (HD, Touch)', NULL),
(533, '15.6" Ноутбук Lenovo Z510 (HD)', NULL),
(534, '17.3" Ноутбук Lenovo Z710 (FHD)', NULL),
(535, '13.3" Ультрабук Lenovo Yoga 2 (FHD, Touch, IPS)', NULL),
(536, '13.3" Ультрабук Lenovo Yoga 2 (FHD, Touch, IPS)', NULL),
(537, '15.6" Ноутбук Lenovo Flex2 15 (FHD, Touch)', NULL),
(538, '15.6" Ноутбук Lenovo Y510p (FHD)', NULL),
(539, '13.3" Ультрабук Lenovo Yoga 2 (FHD, Touch, IPS)', NULL),
(540, '13.3" Ноутбук Lenovo U330p (HD)', NULL),
(541, '13.3" Ультрабук Lenovo Yoga 2 (FHD, Touch, IPS)', NULL),
(542, '13.3" Ультрабук Lenovo Yoga 2 (FHD, Touch, IPS)', NULL),
(543, '15.6" Ноутбук Lenovo U530 (FHD, Touch)', NULL),
(544, '15.6" Ноутбук Lenovo ThinkPad S540 (FHD)', NULL),
(545, '14" Ультрабук Lenovo ThinkPad X1 Carbon (HD+)', NULL),
(546, '12.5" Ноутбук Lenovo ThinkPad X240 (HD, Touch, IPS)', NULL),
(547, '14" Ноутбук Lenovo ThinkPad T440p (HD+)', NULL),
(548, '15.6" Ноутбук Lenovo Y510p (FHD)', NULL),
(549, '13.3" Ультрабук Lenovo Yoga 2 Pro (3200x1800, Touch, IPS)', NULL),
(550, '13.3" Ультрабук Lenovo Yoga 2 Pro (3200x1800, Touch, IPS)', NULL),
(551, '12.5" Ультрабук Lenovo ThinkPad Yoga S1 (FHD, Touch, IPS)', NULL),
(552, '15.6" Ноутбук Lenovo Y510p (FHD)', NULL),
(553, '15.6" Ноутбук Lenovo Y5070 (FHD)', NULL),
(554, '13.3" Ультрабук Lenovo Yoga 2 Pro (3200x1800, Touch, IPS)', NULL),
(555, '13.3" Ультрабук Lenovo Yoga 2 Pro (3200x1800, Touch, IPS)', NULL),
(556, '13.3" Ультрабук Lenovo Yoga 2 Pro (3200x1800, Touch, IPS)', NULL),
(557, '13.3" Ультрабук Lenovo Yoga 2 Pro (3200x1800, Touch, IPS)', NULL),
(558, '15.6" Ноутбук MSI (CR61)(HD)', NULL),
(559, '13.4" Ноутбук MSI (X370)(HD)', NULL),
(560, '15.6" Ноутбук MSI (CX61)(HD)', NULL),
(561, '15.6" Ноутбук MSI (GP60)(HD)', NULL),
(562, '11.6" Ноутбук MSI (S20 Slider 2)(FHD, Touch, IPS)', NULL),
(563, '15.6" Ноутбук MSI (GE60)(HD)', NULL),
(564, '15.6" Ноутбук MSI (GX60)(FHD)', NULL),
(565, '17.3" Ноутбук MSI (GX70)(FHD)', NULL),
(566, '15.6" Ноутбук MSI (GE60)(FHD)', NULL),
(567, '17.3" Ноутбук MSI (GP70)(FHD)', NULL),
(568, '17.3" Ноутбук MSI (GE70)(FHD)', NULL),
(569, '15.6" Ноутбук MSI (GE60)(FHD)', NULL),
(570, '17.3" Ноутбук MSI (GE70)(FHD)', NULL),
(571, '15.6" Ноутбук MSI (GE60)(FHD)', NULL),
(572, '17.3" Ноутбук MSI (GE70)(FHD)', NULL),
(573, '15.6" Ноутбук MSI (GE60)(FHD)', NULL),
(574, '15.6" Ноутбук MSI (GE60)(FHD)', NULL),
(575, '15.6" Ноутбук MSI (GS60)(FHD)', NULL),
(576, '17.3" Ноутбук MSI (GE70)(FHD)', NULL),
(577, '15.6" Ноутбук MSI (GS60)(FHD)', NULL),
(578, '17.3" Ноутбук MSI (GE70)(FHD)', NULL),
(579, '17.3" Ноутбук MSI (GT70)(FHD)', NULL),
(580, '15.6" Ноутбук MSI (GS60)(FHD)', NULL),
(581, '17.3" Ноутбук MSI (GT70)(FHD)', NULL),
(582, '17.3" Ноутбук MSI (GS70)(FHD)', NULL),
(583, '15.6" Ноутбук MSI (GT60)(2880x1620, IPS, 3K)', NULL),
(584, '15.6" Ноутбук MSI (GT60)(2880x1620, IPS, 3K)', NULL),
(585, '15.6" Ноутбук MSI (GS60)(2880x1620, IPS, 3K)', NULL),
(586, '17.3" Ноутбук MSI (GT70)(FHD)', NULL),
(587, '17.3" Ноутбук MSI (GT70)(FHD)', NULL),
(588, '15.6" Ноутбук MSI (GT60)(2880x1620, IPS, 3K)', NULL),
(589, '15.6" Ноутбук Packard Bell ENTE69KB-12502G50Mnsk (HD)', NULL),
(590, '10.1" Ноутбук Packard Bell ME69BMP-28062G32nii (HD, Touch)', NULL),
(591, '15.5" Ноутбук Sony VAIO (SVF1521F1RW)(HD)', NULL),
(592, '15.5" Ноутбук Sony VAIO (SVF1521H1RB)', NULL),
(593, '15.5" Ноутбук Sony VAIO (SVF1532P1RW)(HD)', NULL),
(594, '11.6" Ноутбук Sony VAIO (SVT1122E2RW)(FHD, Touch)', NULL),
(595, '14" Ноутбук Sony VAIO (SVF14N2J2RS)(FHD, Touch)', NULL),
(596, '13.3" Ноутбук Sony VAIO (SVF13N2J2RS)(FHD, Touch)', NULL),
(597, '15.5" Ноутбук Sony VAIO (SVF15N2M2RS)(FHD, Touch)', NULL),
(598, '11.6" Ноутбук Sony VAIO (SVT1122M2RW)(FHD, Touch)', NULL),
(599, '13.3" Ноутбук Sony VAIO (SVP1322M9RB)(FHD, Touch)', NULL),
(600, '13.3" Ноутбук Sony VAIO (SVF13N2L2RS)(FHD, Touch)', NULL),
(601, '11.6" Ноутбук Sony VAIO (SVT1122X9RW)', NULL),
(602, '13.3" Ноутбук Sony VAIO (SVF13N2X2RS)(FHD, Touch)', NULL),
(603, '13.3" Ноутбук Sony VAIO (SVP1322V9RB)(FHD, Touch)', NULL),
(604, '15.6" Ноутбук Toshiba Satellite (P50-A-K4M)(FHD)', NULL),
(606, 'Смартфон DNS S3504 Meteor 3.5" 512Mb Black', NULL),
(607, 'Смартфон DNS S4002 2SIM', NULL),
(608, 'Смартфон DNS S4006 4" 4Gb Black', NULL),
(609, 'Смартфон DNS S4006 4" 4Gb White', NULL),
(610, 'Смартфон DNS S4006 4" 4Gb Grey', NULL),
(611, 'Смартфон DNS S4008 4" 4Gb Black', NULL),
(612, 'Смартфон DNS S4004M 4" 4Gb Black', NULL),
(613, 'Смартфон DNS S4005 4" 4Gb Black', NULL),
(614, 'Смартфон DNS S4003 2SIM', NULL),
(615, 'Смартфон DNS S4007 4" 4Gb+16Gb Black', NULL),
(616, 'Смартфон DNS S4502 2SIM', NULL),
(617, 'Смартфон DNS S4501M 4.5" 4Gb Black', NULL),
(618, 'Смартфон DNS SI4301 4.3" 4Gb Black', NULL),
(619, 'Смартфон DNS S4508 4.5" 4Gb Black', NULL),
(620, 'Смартфон DNS S4506 4.5" 4Gb Black', NULL),
(621, 'Смартфон DNS S5301Q 4Gb Black', NULL),
(622, 'Смартфон DNS S5005 5" 4Gb Black', NULL),
(623, 'Смартфон DNS S4705 4.7" 4Gb Black', NULL),
(624, 'Смартфон DNS S4705 4.7" 4Gb White', NULL),
(625, 'Смартфон DNS S5004 5" 4Gb Black', NULL),
(626, 'Смартфон DNS S4507 4.5" 4Gb Black', NULL),
(627, 'Смартфон DNS S4503Q 4.5" 4Gb Blue', NULL),
(628, 'Смартфон DNS S4503Q 4.5" 4Gb White', NULL),
(629, 'Смартфон DNS S4505M 4.5" 4Gb Black', NULL),
(630, 'Смартфон DNS S5701 RedDot 5.7" 4Gb Grey', NULL),
(631, 'Смартфон DNS S5701 RedDot 5.7" 4Gb White', NULL),
(632, 'Смартфон DNS S4704 4.7" 8Gb Black', NULL),
(633, 'Смартфон DNS S4704 4.7" 8Gb White', NULL),
(634, 'Смартфон DNS S5002 5" 32Gb Black', NULL),
(635, 'Смартфон DNS S5003 5" 32Gb Black', NULL),
(636, 'Смартфон DNS S5008 5" 32Gb Black', NULL),
(637, 'Смартфон DEXP Ixion ML 5" 16Gb Black', NULL),
(638, 'Смартфон DEXP Ixion ML 5" 16Gb White', NULL),
(639, 'Смартфон DEXP Ixion XL 5" 16Gb Black', NULL),
(640, 'Смартфон DEXP Ixion XL 5" 16Gb White', NULL),
(641, 'Смартфон Acer Liquid E3, E380 Black 4.7" 4Gb Black', NULL),
(642, 'Смартфон Acer Liquid S1 Duo 5.7" 8Gb Black', NULL),
(643, 'Смартфон Acer Liquid E700 5" 16Gb Black', NULL),
(644, 'Смартфон Alcatel 6012X Idol mini 4.3" 4Gb Silver', NULL),
(645, 'Смартфон Alcatel OT-8020D HERO 6" Black', NULL),
(646, 'Смартфон Alcatel OT-6032X Idol Alpha 4.7" 16Gb Slate', NULL),
(647, 'Смартфон Apple iPhone 4 RF 3.5" 8Gb Black', NULL),
(648, 'Смартфон Apple iPhone 4 RF 3.5" 8Gb White', NULL),
(649, 'Смартфон Apple iPhone 4S 8Gb Black', NULL),
(650, 'Смартфон Apple iPhone 4S 8Gb White', NULL),
(651, 'Смартфон Apple iPhone 5C 4" 8Gb Green', NULL),
(652, 'Смартфон Apple iPhone 5C 4" 8Gb White', NULL),
(653, 'Смартфон Apple iPhone 5 16Gb Black', NULL),
(654, 'Смартфон Apple iPhone 5 16Gb White', NULL),
(655, 'Смартфон Apple iPhone 5S 4" 16Gb Grey', NULL),
(656, 'Смартфон Apple iPhone 5S 4" 16Gb Silver', NULL),
(657, 'Смартфон Apple iPhone 5S 4" 16Gb Gold', NULL),
(658, 'Смартфон Apple iPhone 5S 4" 32Gb Silver', NULL),
(659, 'Смартфон Apple iPhone 5S 4" 32Gb Grey', NULL),
(660, 'Смартфон Apple iPhone 5S 4" 32Gb Gold', NULL),
(661, 'Смартфон Apple iPhone 6 4.7" 16Gb Space Gray', NULL),
(662, 'Смартфон Apple iPhone 6 4.7" 16Gb Gold', NULL),
(663, 'Смартфон Apple iPhone 6 4.7" 16Gb Silver', NULL),
(664, 'Смартфон Apple iPhone 5S 4" 64Gb Silver', NULL),
(665, 'Смартфон Apple iPhone 5S 4" 64Gb Grey', NULL),
(666, 'Смартфон Apple iPhone 5S 4" 64Gb Gold', NULL),
(667, 'Смартфон Apple iPhone 6 4.7"  64Gb Gold', NULL),
(668, 'Смартфон Apple iPhone 6 4.7"  64Gb Silver', NULL),
(669, 'Смартфон Apple iPhone 6 4.7" 64Gb Space Gray', NULL),
(670, 'Смартфон Apple iPhone 6 Plus 5.5" 16Gb Gold', NULL),
(671, 'Смартфон Apple iPhone 6 Plus 5.5" 16Gb Silver', NULL),
(672, 'Смартфон Apple iPhone 6 Plus 5.5" 16Gb Gray', NULL),
(673, 'Смартфон Apple iPhone 6 4.7" 128Gb Gold', NULL),
(674, 'Смартфон Apple iPhone 6 4.7" 128Gb Silver', NULL),
(675, 'Смартфон Apple iPhone 6 4.7" 128Gb Space Gray', NULL),
(676, 'Смартфон Apple iPhone 6 Plus 5.5" 64Gb Gold', NULL),
(677, 'Смартфон Apple iPhone 6 Plus 5.5" 64Gb Silver', NULL),
(678, 'Смартфон Apple iPhone 6 Plus 5.5"  64Gb Gray', NULL),
(679, 'Смартфон Apple iPhone 6 Plus 5.5" 128Gb Gold', NULL),
(680, 'Смартфон Apple iPhone 6 Plus 5.5" 128Gb Silver', NULL),
(681, 'Смартфон Apple iPhone 6 Plus 5.5" 128Gb Gray', NULL),
(682, 'Смартфон Asus ZenFone A400CG 4" 8Gb Black', NULL),
(683, 'Смартфон Asus ZenFone A400CG 4" 8Gb White', NULL),
(684, 'Смартфон Asus ZenFone A400CG 4" 8Gb Red', NULL),
(685, 'Смартфон Asus ZenFone A400CG 4" 8Gb Blue', NULL),
(686, 'Смартфон Asus ZenFone A400CG 4" 8Gb Yellow', NULL),
(687, 'Смартфон Asus ZenFone A450CG 4.5" 8Gb Black', NULL),
(688, 'Смартфон Asus ZenFone A450CG 4.5" 8Gb White', NULL),
(689, 'Смартфон Asus ZenFone A450CG 4.5" 8Gb Red', NULL),
(690, 'Смартфон Asus ZenFone A450CG 4.5" 8Gb Blue', NULL),
(691, 'Смартфон Asus ZenFone A450CG 4.5" 8Gb Yellow', NULL),
(692, 'Смартфон Asus ZenFone A501CG 5" 16Gb Black', NULL),
(693, 'Смартфон Asus ZenFone A501CG 5" 16Gb White', NULL),
(694, 'Смартфон Asus ZenFone A501CG 5" 16Gb Red', NULL),
(695, 'Смартфон Asus ZenFone A501CG 5" 16Gb Gold', NULL),
(696, 'Смартфон Asus ZenFone A600CG 6" 16Gb Black', NULL),
(697, 'Смартфон Asus ZenFone A600CG 6" 16Gb White', NULL),
(698, 'Смартфон Asus ZenFone A600CG 6" 16Gb Red', NULL),
(699, 'Смартфон Asus PadFone S 5" 16Gb Black', NULL),
(700, 'Смартфон Asus PadFone S 5" 16Gb White', NULL),
(701, 'Смартфон Caterpillar B15 4" 4Gb Black', NULL),
(702, 'Смартфон Explay N1 3.5" 512Mb White', NULL),
(703, 'Смартфон Explay N1 3.5" 512Mb Black', NULL),
(704, 'Смартфон Explay Atom 4" 4Gb Black', NULL),
(705, 'Смартфон Explay Rio 5" 512Mb Black', NULL),
(706, 'Смартфон Explay Rio 5" 512Mb White', NULL),
(707, 'Смартфон Explay A400 4" 4Gb Black', NULL),
(708, 'Смартфон Explay Rio Play 5" 4Gb Black', NULL),
(709, 'Смартфон Explay Rio Play 5" 4Gb White', NULL),
(710, 'Смартфон Explay Vega 4.7" 4Gb White', NULL),
(711, 'Смартфон Explay Vega 4.7" 4Gb Blue', NULL),
(712, 'Смартфон Explay Vega 4.7" 4Gb Yellow', NULL),
(713, 'Смартфон Fly IQ4400 Nano 8 4" 4Gb Black', NULL),
(714, 'Смартфон Fly IQ4490 4" 512Mb Black', NULL),
(715, 'Смартфон Fly IQ4407 4" 4Gb Black', NULL),
(716, 'Смартфон Fly IQ4406 4.5" 4Gb Black', NULL),
(717, 'Смартфон Fly IQ4416 4.5" 4Gb White', NULL),
(718, 'Смартфон Fly IQ4403 4.5" 4Gb Black', NULL),
(719, 'Смартфон Fly IQ4402 4.5" 4Gb Dark Grey', NULL),
(720, 'Смартфон Fly IQ456 Era Life 2 5" 4Gb Black', NULL),
(721, 'Смартфон Fly IQ456 Era Life 2 5" 4Gb White', NULL),
(722, 'Смартфон Fly IQ4405 QUAD 4.5" 4Gb Black', NULL),
(723, 'Смартфон Fly IQ4409 Quad 4.5" 4Gb Black', NULL),
(724, 'Смартфон Fly IQ4411 Energie 2 4.65" 4Gb Black', NULL),
(725, 'Смартфон Fly IQ4502 Quad 5" 4Gb Black', NULL),
(726, 'Смартфон Fly IQ4413 4.7" 4Gb Black', NULL),
(727, 'Смартфон Fly IQ4414 4.7" 4Gb Black', NULL),
(728, 'Смартфон Fly IQ455 Octa 5" 4Gb Black', NULL),
(729, 'Смартфон Ginzzu R8 Dual 3.5" 512Mb Black, Orange', NULL),
(730, 'Смартфон Ginzzu RS9 Dual 4" 4Gb Black', NULL),
(731, 'Смартфон Ginzzu RS9 Dual 4" 4Gb Orange', NULL),
(732, 'Смартфон Ginzzu RS61D Ultimate 4" 4Gb Black', NULL),
(733, 'Смартфон Ginzzu RS61D Ultimate 4" 4Gb Green', NULL),
(734, 'Смартфон Haier W701 3.5" 512Mb Black', NULL),
(735, 'Смартфон Haier W970 6" 16Gb Black', NULL),
(736, 'Смартфон Highscreen Zera F 4" 4Gb Black', NULL),
(737, 'Смартфон Highscreen Zera F Rev.S 4" 4Gb Black', NULL),
(738, 'Смартфон Highscreen alpha Rage 4.5" 4Gb Black', NULL),
(739, 'Смартфон Highscreen Zera S 4.5" 4Gb Black', NULL),
(740, 'Смартфон Highscreen Zera S Rev.S 4.5" 4Gb Black', NULL),
(741, 'Смартфон Highscreen Omega Prime mini SE 4.3" 4Gb Black', NULL),
(742, 'Смартфон Highscreen Spider 5" 8Gb Black', NULL),
(743, 'Смартфон Highscreen Omega Prime S 4.7" 8Gb Black', NULL),
(744, 'Смартфон Highscreen alpha R Black', NULL),
(745, 'Смартфон Highscreen alpha R White', NULL),
(746, 'Смартфон Highscreen Boost II SE 5" 8Gb Black', NULL),
(747, 'Смартфон Highscreen Thor 5" 16Gb Black', NULL),
(748, 'Смартфон HTC Desire 200 3.5" 4Gb Black', NULL),
(749, 'Смартфон HTC Desire 210 4" 4Gb Black', NULL),
(750, 'Смартфон HTC Desire 210 4" 4Gb White', NULL),
(751, 'Смартфон HTC Desire 310 DS 4.5" 4Gb White', NULL),
(752, 'Смартфон HTC Desire 310 4.5" 4Gb White', NULL),
(753, 'Смартфон HTC Desire 310 4.5" 4Gb Blue', NULL),
(754, 'Смартфон HTC Desire 310 DS 4.5" 4Gb Blue', NULL);

-- --------------------------------------------------------

--
-- Структура таблицы `users`
--

CREATE TABLE IF NOT EXISTS `users` (
  `id` int(11) NOT NULL AUTO_INCREMENT,
  `login` varchar(20) NOT NULL,
  `password` varchar(255) NOT NULL,
  `email` varchar(255) NOT NULL,
  PRIMARY KEY (`id`),
  UNIQUE KEY `login` (`login`,`email`)
) ENGINE=InnoDB  DEFAULT CHARSET=utf8 AUTO_INCREMENT=26 ;

--
-- Дамп данных таблицы `users`
--

INSERT INTO `users` (`id`, `login`, `password`, `email`) VALUES
(3, 'admin', '$2a$13$LCTHjeCfw9fsN0UVckg2JOMTDrqPSN6d9z2yo2eUOTWPLzDhg2V5W', 'turnthepage41@gmail.com'),
(22, 'manager', '$2a$13$Kwigv2k8vRLCfOutO4CVZ.NBKvIWUFIVK0LoiByoOJk9w40aNSizW', 'manager@hdj.com'),
(23, 'service', '$2a$13$ao6Y.6JZMRQkahuluXVAuObcTgg4WTz500leTKrIQilEkP0rtDo/u', 'saasdg@sgh.com'),
(24, 'seva', '$2a$13$OFDw1n6b3DgptreeXs2q3uNPrM6.KrAGpGxRf6D41YqxvCBmMbouS', 'fghfhg@ghfgh.com'),
(25, 'man', '$2a$13$onOhcmrOEn.U1aBHdGZDdeki1TGrbogBjatD/wO5V.WyICgJFmUA6', 'wrweq@erw.com');

-- --------------------------------------------------------

--
-- Структура таблицы `user_profiles`
--

CREATE TABLE IF NOT EXISTS `user_profiles` (
  `id_user` int(11) NOT NULL,
  `fio` varchar(255) NOT NULL,
  `pasp_num` int(10) NOT NULL,
  `pasp_info` text NOT NULL,
  `registration` varchar(255) NOT NULL,
  `telephone` int(11) NOT NULL,
  UNIQUE KEY `id_user_2` (`id_user`)
) ENGINE=InnoDB DEFAULT CHARSET=utf8;

--
-- Дамп данных таблицы `user_profiles`
--

INSERT INTO `user_profiles` (`id_user`, `fio`, `pasp_num`, `pasp_info`, `registration`, `telephone`) VALUES
(3, 'Казионов Иван Сергеевич', 0, '', '', 0),
(23, 'Иванов Иван Иванович', 0, '000000', '00000', 0),
(24, 'Савелий Савелий', 0, '', '', 0),
(25, 'Менеджер Менеджер', 0, '', '', 0);

--
-- Ограничения внешнего ключа сохраненных таблиц
--

--
-- Ограничения внешнего ключа таблицы `orders`
--
ALTER TABLE `orders`
  ADD CONSTRAINT `orders_ibfk_1` FOREIGN KEY (`status`) REFERENCES `status` (`id`);

--
-- Ограничения внешнего ключа таблицы `roles_users`
--
ALTER TABLE `roles_users`
  ADD CONSTRAINT `roles_users_ibfk_2` FOREIGN KEY (`id_role`) REFERENCES `roles` (`id`),
  ADD CONSTRAINT `roles_users_ibfk_3` FOREIGN KEY (`id_user`) REFERENCES `users` (`id`) ON DELETE CASCADE;

--
-- Ограничения внешнего ключа таблицы `user_profiles`
--
ALTER TABLE `user_profiles`
  ADD CONSTRAINT `user_profiles_ibfk_1` FOREIGN KEY (`id_user`) REFERENCES `users` (`id`);

/*!40101 SET CHARACTER_SET_CLIENT=@OLD_CHARACTER_SET_CLIENT */;
/*!40101 SET CHARACTER_SET_RESULTS=@OLD_CHARACTER_SET_RESULTS */;
/*!40101 SET COLLATION_CONNECTION=@OLD_COLLATION_CONNECTION */;
